{
 "authTokenSB": [
  "YOUR TOKEN",
    "YOUR TOKEN",
  "YOUR TOKEN",
  "YOUR TOKEN",
  "YOUR TOKEN"
 ],
 "batasVH": 0,
 "lockNameGc": false,
 "autoPurge": false,
 "autoUnbaned": false,
 "autoForceQr": false,
 "autoForceAjs": false,
 "VHbackupMem": false,
 "VHbackupBot": false,
 "VHhardMode": true,
 "VHkillMode": false,
 "blacklist": null,
 "Auto-stabil": 0,
 "vhshieldJs": null,
 "bot": null,
 "owner": null,
 "staff": null,
 "VHProcancel": [],
 "VHProjoin": [],
 "VHProinvite": [],
 "VHProkick": [],
 "VHProqr": [],
 "email": "",
 "passwd": "",
 "mymids": "",
 "sname": "q",
 "responbot": "fuck you🖕",
 "msgkick": "See You 👋",
 "msgout": "Jumpa Lain Waktu👋",
 "msgclearbans": "Done Clearbans %v",
 "botName": "",
 "msglimit": "limited",
 "msgfresh": "normal",
 "title": "SELFTCR™",
 "linkicon": "",
 "logo": "",
 "midteam": "u9b9897fdd536e9886a4b7c28def482cf",
 "comstk": {
  "help": "",
  "respon": "",
  "listban": "",
  "clearbans": "",
  "leave": "",
  "speed": "",
  "status": "",
  "friens": "",
  "groups": "",
  "invsquad": "",
  "kick": "",
  "set": "",
  "joinall": "",
  "unsend": "",
  "out": "",
  "outall": "",
  "kickban": ""
 },
 "coms": {
  "help": "",
  "respon": "",
  "listban": "",
  "clearbans": "",
  "leave": "",
  "speed": "",
  "status": "",
  "friens": "",
  "groups": "",
  "invsquad": "",
  "kick": "",
  "set": "",
  "joinall": "",
  "unsend": "",
  "out": "",
  "outall": "",
  "kickban": "",
  "stabilizer": 0
 }
}